title,company,location,salary,experience,description_snippet,url,source,posted_date,scraped_at,search_keywords
Software QA Engineer,Hewlett Packard Enterprise,Hyderabad,,0 - 2 Years,Software QA EngineerThis role has been designed as Onsite with an expectation that you will primarily work from an HPE office.Who We Are:Hewlett Packa... quality assurance test automation software tes...,https://www.timesjobs.com/job-detail/software-qa-engineer-hewlett-packard-enterprise-hyderabad-secunderabad-0-to-2-yrs-jobid-9aSNltJGEnhzpSvf__PLUS__uAgZw==&source=srp,TimesJobs,1 day ago,2025-08-20 17:04:38,QA Engineer
Software QA Engineer - Intern,Epiq,Hyderabad,,0 - 1 Years,It's fun to work at a company where people truly believe in what they are doing!SummaryThis position is for our Legal Solutions and will work closely ... agile development practices software quality a...,https://www.timesjobs.com/job-detail/software-qa-engineer-intern-epiq-hyderabad-secunderabad-0-to-1-yrs-jobid-kBV1PGFV0slzpSvf__PLUS__uAgZw==&source=srp,TimesJobs,few days ago,2025-08-20 17:04:38,QA Engineer
QA Officer,SEVEN CONSULTANCY,Hyderabad,,0 - 3 Years,SALARYJOB DETAILS1 ) Knowledge of GMP and QMS standards2 ) Knowledge of regulatory affairs procedures3 ) Knowledge of documentation4 ) To Check th... qa executive market complaints quality officer qa ...,https://www.timesjobs.com/job-detail/qa-officer-seven-consultancy-hyderabad-secunderabad-0-to-3-yrs-jobid-bu2SpqrYmClzpSvf__PLUS__uAgZw==&source=srp,TimesJobs,few days ago,2025-08-20 17:04:38,QA Engineer
Intern - QA CoE,MICRON TECHNOLOGY,Hyderabad,,0 - 1 Years,Our vision is to transform how the world uses information to enrich life for all.Micron Technology is a world leader in innovating memory and storage ... test automation expertise agile collaboration ...,https://www.timesjobs.com/job-detail/intern-qa-coe-micron-technology-hyderabad-secunderabad-0-to-1-yrs-jobid-ia86pCwY5HVzpSvf__PLUS__uAgZw==&source=srp,TimesJobs,few days ago,2025-08-20 17:04:38,QA Engineer
QA QC - Lab - Asst Manager,BPSP HR Solutions Pvt Ltd,Hyderabad,,0 - 3 Years,Handling sophisticated instruments Regular laboratory instruments. Testing of Incoming Raw Materials Intermediates & Finished Goods System Adher... qa testing Quality Documentation...,https://www.timesjobs.com/job-detail/qa-qc-lab-asst-manager-bpsp-hr-solutions-pvt-ltd-hyderabad-secunderabad-0-to-3-yrs-jobid-MRek6yBQ1xJzpSvf__PLUS__uAgZw==&source=srp,TimesJobs,few days ago,2025-08-20 17:04:38,QA Engineer
Associate Quality Assurance Engineer,Epiq,Hyderabad,,0 - 2 Years,It's fun to work at a company where people truly believe in what they are doing!:Job Title: Associate QA EngineerEpiq Company / Division: Epiq Legal ... manual test writing automation testing sql basi...,https://www.timesjobs.com/job-detail/associate-quality-assurance-engineer-epiq-hyderabad-secunderabad-0-to-2-yrs-jobid-80Kz26yAI65zpSvf__PLUS__uAgZw==&source=srp,TimesJobs,few days ago,2025-08-20 17:04:38,QA Engineer
Quality Assurance,SEVEN CONSULTANCY,Hyderabad,,0 - 3 Years,JOB DETAILS1 ) Knowledge of GMP and QMS standards2 ) Knowledge of regulatory affairs procedures3 ) Knowledge of documentation4 ) To Check the in p... qa executive finished goods market complaints qual...,https://www.timesjobs.com/job-detail/quality-assurance-seven-consultancy-hyderabad-secunderabad-0-to-3-yrs-jobid-qKR1hK3xB3FzpSvf__PLUS__uAgZw==&source=srp,TimesJobs,few days ago,2025-08-20 17:04:38,QA Engineer
Sr. Manager / AGM,BPSP HR Solutions Pvt Ltd,Hyderabad,,0 - 3 Years,"Sr.manager / AGM ( QA QC ) - HYDERABAD HYDERABAD Knowledge about Complete Quality Process , Chemical Analysis , R & D , Statistical Analysi... sqc suppliers customer complaints chemical analysis qa qc...",https://www.timesjobs.com/job-detail/sr-manager-agm-bpsp-hr-solutions-pvt-ltd-hyderabad-secunderabad-0-to-3-yrs-jobid-1gG__PLUS__DGiH8HlzpSvf__PLUS__uAgZw==&source=srp,TimesJobs,few days ago,2025-08-20 17:04:38,QA Engineer
Software Engineer / Senior software Engineer,votary softech solution pvt ltd,Hyderabad,,0 - 3 Years,"As the world leader in supplying integrated circuit and software solutions for cellular wireless standards , Qualcomm delivers complete and optimized... linux mobile software engineer senior software ...",https://www.timesjobs.com/job-detail/software-engineer-senior-software-engineer-votary-softech-solution-pvt-ltd-hyderabad-secunderabad-0-to-3-yrs-jobid-2Ny9p7hDWypzpSvf__PLUS__uAgZw==&source=srp,TimesJobs,Posted today,2025-08-20 17:04:38,QA Engineer
Data Engineer,AMGEN,Hyderabad,,0 - 3 Years,"Career CategoryEngineeringABOUT AMGENAmgen harnesses the best of biology and technology to fight the worlds toughest diseases , and make peoples live... data pipeline development etl / elt processes c...",https://www.timesjobs.com/job-detail/data-engineer-amgen-hyderabad-secunderabad-0-to-3-yrs-jobid-UEnqRrfA73dzpSvf__PLUS__uAgZw==&source=srp,TimesJobs,1 day ago,2025-08-20 17:04:38,QA Engineer
